<?xml version="1.0" encoding="utf-8"?>
<!DOCTYPE install SYSTEM "http://dev.joomla.org/xml/1.5/component-install.dtd">
<extension version="3.0" type="plugin" client="site" group="system" method="upgrade">
	<name>System - Komento</name>
	<author>Stack Ideas Sdn Bhd</author>
	<creationDate>19th April 2016</creationDate>
	<copyright>Copyright 2009 - 2016 StackIdeas. All rights reserved.</copyright>
	<license>http://www.gnu.org/licenses/gpl-2.0.html GNU/GPL</license>
	<authorEmail>support@stackideas.com</authorEmail>
	<authorUrl>http://www.stackideas.com</authorUrl>
	<version>4.0</version>
	<description>This plugin adds a discussion/comment interface at the bottom of the article</description>
	<files>
		<filename plugin="komento">komento.php</filename>
	</files>
	<updateservers>
		<server type="extension" priority="1" name="StackIdeas Modules and Plugins">https://stackideas.com/joomla4compat.xml</server>
	</updateservers>
</extension>