<?xml version="1.0" encoding="utf-8"?>
<extension type="module" version="3.1" client="site" method="upgrade">
	<name>mod_articles_latest</name>
	<author>Joomla! Project</author>
	<creationDate>July 2004</creationDate>
	<copyright>(C) 2005 Open Source Matters, Inc.</copyright>
	<license>GNU General Public License version 2 or later; see LICENSE.txt</license>
	<authorEmail>admin@joomla.org</authorEmail>
	<authorUrl>www.joomla.org</authorUrl>
	<version>3.0.0</version>
	<description>MOD_LATEST_NEWS_XML_DESCRIPTION</description>
	<files>
		<filename module="mod_articles_latest">mod_articles_latest.php</filename>
		<folder>tmpl</folder>
		<filename>helper.php</filename>
	</files>
	<languages>
		<language tag="en-GB">en-GB.mod_articles_latest.ini</language>
		<language tag="en-GB">en-GB.mod_articles_latest.sys.ini</language>
	</languages>
	<help key="JHELP_EXTENSIONS_MODULE_MANAGER_LATEST_NEWS" />
	<config>
		<fields name="params">
			<fieldset name="basic">
				<field
					name="catid"
					type="category"
					label="JCATEGORY"
					description="MOD_LATEST_NEWS_FIELD_CATEGORY_DESC"
					extension="com_content"
					multiple="true"
					filter="int_array"
				/>

				<field
					name="count"
					type="number"
					label="MOD_LATEST_NEWS_FIELD_COUNT_LABEL"
					description="MOD_LATEST_NEWS_FIELD_COUNT_DESC"
					default="5"
					filter="integer"
				/>

				<field
					name="show_featured"
					type="list"
					label="MOD_LATEST_NEWS_FIELD_FEATURED_LABEL"
					description="MOD_LATEST_NEWS_FIELD_FEATURED_DESC"
					default=""
					filter="integer"
					>
					<option value="">JSHOW</option>
					<option value="0">JHIDE</option>
					<option value="1">MOD_LATEST_NEWS_VALUE_ONLY_SHOW_FEATURED</option>
				</field>

				<field
					name="ordering"
					type="list"
					label="MOD_LATEST_NEWS_FIELD_ORDERING_LABEL"
					description="MOD_LATEST_NEWS_FIELD_ORDERING_DESC"
					default="p_dsc"
					>
					<option value="c_dsc">MOD_LATEST_NEWS_VALUE_RECENT_ADDED</option>
					<option value="m_dsc">MOD_LATEST_NEWS_VALUE_RECENT_MODIFIED</option>
					<option value="p_dsc">MOD_LATEST_NEWS_VALUE_RECENT_PUBLISHED</option>
					<option value="mc_dsc">MOD_LATEST_NEWS_VALUE_RECENT_TOUCHED</option>
					<option	value="random">MOD_LATEST_NEWS_VALUE_RECENT_RAND</option>
				</field>

				<field
					name="user_id"
					type="list"
					label="MOD_LATEST_NEWS_FIELD_USER_LABEL"
					description="MOD_LATEST_NEWS_FIELD_USER_DESC"
					default="0"
					>
					<option value="0">MOD_LATEST_NEWS_VALUE_ANYONE</option>
					<option value="by_me">MOD_LATEST_NEWS_VALUE_ADDED_BY_ME</option>
					<option value="not_me">MOD_LATEST_NEWS_VALUE_NOTADDED_BY_ME</option>
					<option value="created_by">MOD_LATEST_NEWS_VALUE_CREATED_BY</option>
				</field>

				<field
					name="author"
					type="author"
					label="MOD_LATEST_NEWS_FIELD_AUTHOR_LABEL"
					description="MOD_LATEST_NEWS_FIELD_AUTHOR_DESC"
					multiple="true"
					showon="user_id:created_by"
				/>
			</fieldset>

			<fieldset name="advanced">
				<field
					name="layout"
					type="modulelayout"
					label="JFIELD_ALT_LAYOUT_LABEL"
					description="JFIELD_ALT_MODULE_LAYOUT_DESC"
					validate="moduleLayout"
				/>

				<field
					name="moduleclass_sfx"
					type="textarea"
					label="COM_MODULES_FIELD_MODULECLASS_SFX_LABEL"
					description="COM_MODULES_FIELD_MODULECLASS_SFX_DESC"
					rows="3"
				/>

				<field
					name="cache"
					type="list"
					label="COM_MODULES_FIELD_CACHING_LABEL"
					description="COM_MODULES_FIELD_CACHING_DESC"
					default="1"
					filter="integer"
					>
					<option value="1">JGLOBAL_USE_GLOBAL</option>
					<option value="0">COM_MODULES_FIELD_VALUE_NOCACHING</option>
				</field>

				<field
					name="cache_time"
					type="number"
					label="COM_MODULES_FIELD_CACHE_TIME_LABEL"
					description="COM_MODULES_FIELD_CACHE_TIME_DESC"
					default="900"
					filter="integer"
				/>

				<field
					name="cachemode"
					type="hidden"
					default="static"
					>
					<option value="static"></option>
				</field>
			</fieldset>
		</fields>
	</config>
</extension>
