<?xml version="1.0" encoding="utf-8"?>
<extension version="3.0" type="module" client="site" method="upgrade">
	<name>Komento Activities</name>
	<author>StackIdeas Sdn Bhd</author>
	<creationDate>18th October 2022</creationDate>
	<copyright>Copyright 2009 - 2016 StackIdeas. All rights reserved.</copyright>
	<license>GPL License</license>
	<authorEmail>support@stackideas.com</authorEmail>
	<authorUrl>http://www.stackideas.com</authorUrl>
	<version>3.0.49</version>
	<description><![CDATA[Display activities in Komento]]></description>
	<files>
		<folder>tmpl</folder>
		<filename>index.html</filename>
		<filename module="mod_komento_activities">mod_komento_activities.php</filename>
		<filename>mod_komento_activities.xml</filename>
	</files>
	<languages>
		<language tag="en-GB">en-GB.mod_komento_activities.ini</language>
	</languages>

	<config>
		<fields name="params">
			<fieldset name="basic" addfieldpath="/administrator/components/com_komento/elements">
				<field name="limit" type="text" default="5" label="Activities Limit" description="Max activities to display" />
				<field name="component" type="modal_komentocomponent" default="all" label="MOD_KOMENTO_ACTIVITIES_SELECT_COMPONENT" description="MOD_KOMENTO_ACTIVITIES_SELECT_COMPONENT_DESC" state="1" />

				<field name="includelikes" type="radio" class="btn-group" default="0" label="MOD_KOMENTO_ACTIVITIES_INCLUDE_LIKES" description="MOD_KOMENTO_ACTIVITIES_INCLUDE_LIKES" >
					<option value="1">JYES</option>
					<option value="0">JNO</option>
				</field>

				<field name="includecomments" type="radio" class="btn-group" default="0" label="MOD_KOMENTO_ACTIVITIES_INCLUDE_COMMENT" description="MOD_KOMENTO_ACTIVITIES_INCLUDE_COMMENT" >
					<option value="1">JYES</option>
					<option value="0">JNO</option>
				</field>

				<field name="includereplies" type="radio" class="btn-group" default="0" label="MOD_KOMENTO_ACTIVITIES_INCLUDE_REPLY" description="MOD_KOMENTO_ACTIVITIES_INCLUDE_REPLY" >
					<option value="1">JYES</option>
					<option value="0">JNO</option>
				</field>

				<field name="showcomment" type="radio" class="btn-group" default="0" label="MOD_KOMENTO_ACTIVITIES_SHOW_COMMENTS" description="MOD_KOMENTO_ACTIVITIES_SHOW_COMMENTS" >
					<option value="1">JYES</option>
					<option value="0">JNO</option>
				</field>

				<field name="maxcommentlength" type="text" default="100" label="MOD_KOMENTO_ACTIVITIES_MAX_COMMENT_LENGTH" description="MOD_KOMENTO_ACTIVITIES_MAX_COMMENT_LENGTH_DESC" />
				<field name="maxtitlelength" type="text" default="30" label="MOD_KOMENTO_ACTIVITIES_MAX_TITLE_LENGTH" description="MOD_KOMENTO_ACTIVITIES_MAX_TITLE_LENGTH_DESC" />
			</fieldset>
			<fieldset name="advanced">
				<field
					name="moduleclass_sfx" type="text"
					label="COM_MODULES_FIELD_MODULECLASS_SFX_LABEL"
					description="COM_MODULES_FIELD_MODULECLASS_SFX_DESC" />
				<field name="cache" type="list" default="0" label="COM_MODULES_FIELD_CACHING_LABEL" description="COM_MODULES_FIELD_CACHING_DESC">
					<option value="1">JGLOBAL_USE_GLOBAL</option>
					<option value="0">COM_MODULES_FIELD_VALUE_NOCACHING</option>
				</field>
			</fieldset>
		</fields>
	</config>
	<updateservers>
		<server type="extension" priority="1" name="StackIdeas Modules and Plugins">https://stackideas.com/joomla4compat.xml</server>
	</updateservers>
</extension>