<?xml version="1.0" encoding="utf-8"?>
<extension version="3.0" type="module" client="site" group="user" method="upgrade">
	<name>Komento Top Rated Articles</name>
	<author>StackIdeas Sdn Bhd</author>
	<creationDate>18th October 2022</creationDate>
	<copyright>Copyright (c) StackIdeas. All rights reserved.</copyright>
	<license>GPL License</license>
	<authorEmail>support@stackideas.com</authorEmail>
	<authorUrl>http://www.stackideas.com</authorUrl>
	<version>3.0.50</version>
	<description><![CDATA[Displays top rated articles on the site.]]></description>
	<files>
		<folder>tmpl</folder>
		<filename>helper.php</filename>
		<filename module="mod_komento_top_rated">mod_komento_top_rated.php</filename>
		<filename>mod_komento_top_rated.xml</filename>
	</files>
	<languages>
		<language tag="en-GB">en-GB.mod_komento_top_rated.ini</language>
	</languages>

	<config>
		<fields name="params">
			<fieldset name="basic" addfieldpath="/administrator/components/com_komento/elements">
				<field name="limit" type="text" default="5" label="MOD_KT_TOP_RATED_LIMIT" description="MOD_KT_TOP_RATED_LIMIT_DESC" />
				<field name="component" type="modal_komentocomponent" default="all" label="MOD_KT_TOP_RATED_COMPONENT" description="MOD_KT_TOP_RATED_COMPONENT_DESC" state="1" />

				<field name="showComponent" type="radio" class="btn-group" default="1" label="MOD_KT_TOP_RATED_SHOW_COMPONENT" description="MOD_KT_TOP_RATED_SHOW_COMPONENT_DESC" >
					<option value="1">JYES</option>
					<option value="0">JNO</option>
				</field>

				<field name="showTotalRating" type="radio" class="btn-group" default="1" label="MOD_KT_TOP_RATED_SHOW_TOTAL_RATING" description="MOD_KT_TOP_RATED_SHOW_TOTAL_RATING_DESC" >
					<option value="1">JYES</option>
					<option value="0">JNO</option>
				</field>

				<field name="showTotalVoter" type="radio" class="btn-group" default="1" label="MOD_KT_TOP_RATED_SHOW_TOTAL_VOTER" description="MOD_KT_TOP_RATED_SHOW_TOTAL_VOTER_DESC" >
					<option value="1">JYES</option>
					<option value="0">JNO</option>
				</field>
			</fieldset>
			<fieldset name="advanced">
				<field
					name="moduleclass_sfx" type="text"
					label="COM_MODULES_FIELD_MODULECLASS_SFX_LABEL"
					description="COM_MODULES_FIELD_MODULECLASS_SFX_DESC" />
				<field name="cache" type="list" default="0" label="COM_MODULES_FIELD_CACHING_LABEL" description="COM_MODULES_FIELD_CACHING_DESC">
					<option value="1">JGLOBAL_USE_GLOBAL</option>
					<option value="0">COM_MODULES_FIELD_VALUE_NOCACHING</option>
				</field>
			</fieldset>
		</fields>
	</config>
	<updateservers>
		<server type="extension" priority="1" name="StackIdeas Modules and Plugins">https://stackideas.com/joomla4compat.xml</server>
	</updateservers>
</extension>