{"name":"settings","description":"Settings database for search","items":[{"id":"b67d2b98d0556b56","page":"general","tab":"general","label":"Enable Komento","keywords":"enable komento"},{"id":"277d977c931660e5","page":"general","tab":"general","label":"Enable Replies","keywords":"enable replies"},{"id":"ea22d0b371c8bcdf","page":"general","tab":"general","label":"Maximum Reply Level","keywords":"maximum reply level"},{"id":"cc9adcd682704ee3","page":"general","tab":"general","label":"Enable Reporting","keywords":"enable reporting"},{"id":"98f516a3a29354e1","page":"general","tab":"general","label":"Enable Likes","keywords":"enable likes"},{"id":"add6873c4704a5cb","page":"general","tab":"general","label":"Enable Mentions","keywords":"enable mentions"},{"id":"a9fc9cc52ca89df5","page":"general","tab":"general","label":"Enable Ratings","keywords":"enable ratings"},{"id":"ca74718f590a4178","page":"general","tab":"general","label":"Enable Minimize Comment","keywords":"enable minimize comment"},{"id":"39b1210676e671b6","page":"general","tab":"general","label":"Enable RSS","keywords":"enable rss"},{"id":"b1db932ffa2b7b46","page":"general","tab":"general","label":"Maximum RSS Items","keywords":"maximum rss items"},{"id":"7b277243f72408ba","page":"general","tab":"general","label":"Owner For Orphan Items","keywords":"owner for orphan items"},{"id":"4b029b0584ede023","page":"general","tab":"general","label":"Render Font Awesome v5 Stylesheets","keywords":"render font awesome stylesheets"},{"id":"dcc3f9e895ef899b","page":"general","tab":"general","label":"Enable Live Notification","keywords":"enable live notification"},{"id":"d6a818e1da3d92d9","page":"general","tab":"general","label":"Notification Interval (in Seconds)","keywords":"notification interval seconds"},{"id":"ca102b6c0f3411e3","page":"general","tab":"general","label":"Allow User's Data Download","keywords":"allow users data download"},{"id":"0634cc863e860950","page":"general","tab":"general","label":"Download Archive Expiry","keywords":"download archive expiry"},{"id":"496689ad53041351","page":"general","tab":"moderation","label":"Enable Moderation","keywords":"enable moderation"},{"id":"1de020aaf94c7d98","page":"general","tab":"moderation","label":"Requires Moderation\t\n\t\t\t\t\n\t\t\t\t\n\t\t\t\t\n\t\t\t\t\t Public\n\t\t\t\t\n\t\t\t\n\t\t\t\t\n\t\t\t\t\n\t\t\t\t\n\t\t\t\t\t Guest\n\t\t\t\t\n\t\t\t\n\t\t\t\t\n\t\t\t\t\n\t\t\t\t\n\t\t\t\t\t Manager\n\t\t\t\t\n\t\t\t\n\t\t\t\t\n\t\t\t\t\n\t\t\t\t\n\t\t\t\t\t Administrator\n\t\t\t\t\n\t\t\t\n\t\t\t\t\n\t\t\t\t\n\t\t\t\t\n\t\t\t\t\t Registered\n\t\t\t\t\n\t\t\t\n\t\t\t\t\n\t\t\t\t\n\t\t\t\t\n\t\t\t\t\t Author\n\t\t\t\t\n\t\t\t\n\t\t\t\t\n\t\t\t\t\n\t\t\t\t\n\t\t\t\t\t Editor\n\t\t\t\t\n\t\t\t\n\t\t\t\t\n\t\t\t\t\n\t\t\t\t\n\t\t\t\t\t Publisher\n\t\t\t\t\n\t\t\t\n\t\t\t\t\n\t\t\t\t\n\t\t\t\t\n\t\t\t\t\t Super Users","keywords":"requires moderationpublicguestmanageradministratorregisteredauthoreditorpublishersuper users"},{"id":"4ddef54c9765bfc5","page":"general","tab":"system","label":"Load Komento's jQuery Library","keywords":"load komentos jquery library"},{"id":"0f5567ea4d0dd09d","page":"general","tab":"system","label":"Use index.php For Ajax Requests","keywords":"use indexphp for ajax requests"},{"id":"3393a1f38669e4fd","page":"general","tab":"system","label":"CDN Url","keywords":"cdn url"},{"id":"baf5169b251e48c6","page":"general","tab":"system","label":"Use Secure Cronjob URL","keywords":"use secure cronjob url"},{"id":"bf95b61e7041b4c4","page":"general","tab":"system","label":"Triggering Method","keywords":"triggering method"},{"id":"7d4e98e38f58a2b2","page":"antispam","tab":"general","label":"Enforce Minimum Length","keywords":"enforce minimum length"},{"id":"3e1b274208cfce85","page":"antispam","tab":"general","label":"Minimum Comment Length","keywords":"minimum comment length"},{"id":"c7ab189ab59ae49a","page":"antispam","tab":"general","label":"Enforce Maximum Length","keywords":"enforce maximum length"},{"id":"f675d48b71243a4a","page":"antispam","tab":"general","label":"Maximum Comment Length","keywords":"maximum comment length"},{"id":"b887e809a4dead19","page":"antispam","tab":"general","label":"Enable Flood Control","keywords":"enable flood control"},{"id":"93fe19d9abb7545d","page":"antispam","tab":"general","label":"Flood Interval","keywords":"flood interval"},{"id":"11c67fae125b80ba","page":"antispam","tab":"general","label":"Enable Word Censoring","keywords":"enable word censoring"},{"id":"e53a911c3f835bfe","page":"antispam","tab":"general","label":"Censored Words","keywords":"censored words"},{"id":"bcc0e004781a6cc6","page":"antispam","tab":"general","label":"IP Addresses","keywords":"addresses"},{"id":"138ffe9f6f1eea0d","page":"antispam","tab":"akismet","label":"Enable Akismet","keywords":"enable akismet"},{"id":"656a6828d7ef1bb7","page":"antispam","tab":"akismet","label":"API key","keywords":"api key"},{"id":"9dfd08fa0e58608f","page":"antispam","tab":"akismet","label":"Rejection Type","keywords":"rejection type"},{"id":"a0333c27751fc5df","page":"antispam","tab":"captcha","label":"Enable Captcha","keywords":"enable captcha"},{"id":"03ede5883c0791b4","page":"antispam","tab":"captcha","label":"Captcha Type","keywords":"captcha type"},{"id":"8c2db93955fb2473","page":"antispam","tab":"captcha","label":"Enable Captcha for Usergroups\t\n\t\t\t\t\n\t\t\t\t\n\t\t\t\t\n\t\t\t\t\t Public\n\t\t\t\t\n\t\t\t\n\t\t\t\t\n\t\t\t\t\n\t\t\t\t\n\t\t\t\t\t Guest\n\t\t\t\t\n\t\t\t\n\t\t\t\t\n\t\t\t\t\n\t\t\t\t\n\t\t\t\t\t Manager\n\t\t\t\t\n\t\t\t\n\t\t\t\t\n\t\t\t\t\n\t\t\t\t\n\t\t\t\t\t Administrator\n\t\t\t\t\n\t\t\t\n\t\t\t\t\n\t\t\t\t\n\t\t\t\t\n\t\t\t\t\t Registered\n\t\t\t\t\n\t\t\t\n\t\t\t\t\n\t\t\t\t\n\t\t\t\t\n\t\t\t\t\t Author\n\t\t\t\t\n\t\t\t\n\t\t\t\t\n\t\t\t\t\n\t\t\t\t\n\t\t\t\t\t Editor\n\t\t\t\t\n\t\t\t\n\t\t\t\t\n\t\t\t\t\n\t\t\t\t\n\t\t\t\t\t Publisher\n\t\t\t\t\n\t\t\t\n\t\t\t\t\n\t\t\t\t\n\t\t\t\t\n\t\t\t\t\t Super Users","keywords":"enable captcha for usergroupspublicguestmanageradministratorregisteredauthoreditorpublishersuper users"},{"id":"f75d8fa5c8935154","page":"antispam","tab":"captcha","label":"Site key","keywords":"site key"},{"id":"952bf87c967660b7","page":"antispam","tab":"captcha","label":"Secret key","keywords":"secret key"},{"id":"08768d91aaaccf8e","page":"antispam","tab":"captcha","label":"Use Invisible Recaptcha","keywords":"use invisible recaptcha"},{"id":"d721757161f7f70c","page":"antispam","tab":"captcha","label":"Theme","keywords":"theme"},{"id":"4994a8ffeba4ac31","page":"antispam","tab":"captcha","label":"Language","keywords":"language"},{"id":"06cbb349f9b15d36","page":"antispam","tab":"cleantalk","label":"Integrate With CleanTalk","keywords":"integrate with cleantalk"},{"id":"daa1174b9ebca75e","page":"antispam","tab":"cleantalk","label":"CleanTalk Access Key","keywords":"cleantalk access key"},{"id":"2efcf450e4ac0e57","page":"antispam","tab":"honeypot","label":"Enable Honeypot Trap","keywords":"enable honeypot trap"},{"id":"f9cd120feb67adab","page":"antispam","tab":"honeypot","label":"Automatically Switch Keys Daily","keywords":"automatically switch keys daily"},{"id":"9dfd08fa0e58608f","page":"antispam","tab":"honeypot","label":"Rejection Type","keywords":"rejection type"},{"id":"2ae940902d4429df","page":"editor","tab":"attachments","label":"Enable Attachments","keywords":"enable attachments"},{"id":"c475e6168e7a7d85","page":"editor","tab":"attachments","label":"Custom Storage Path","keywords":"custom storage path"},{"id":"432f177f352ac9f6","page":"editor","tab":"attachments","label":"Allowed Extensions","keywords":"allowed extensions"},{"id":"3e3d9ca2f0d8b819","page":"editor","tab":"attachments","label":"Maximum Files Upload Allowed","keywords":"maximum files upload allowed"},{"id":"d9835b69fff8fe29","page":"editor","tab":"attachments","label":"Maximum File Size Per File","keywords":"file maximum size per"},{"id":"ab59e3b5af775c33","page":"editor","tab":"bbcode","label":"Enable BB Code","keywords":"enable code"},{"id":"7e7029afb3647894","page":"editor","tab":"bbcode","label":"Hide Editor Buttons","keywords":"hide editor buttons"},{"id":"114c3050111d8b8d","page":"editor","tab":"bbcode","label":"Bold","keywords":"bold"},{"id":"1d874710ccdcd46b","page":"editor","tab":"bbcode","label":"Italic","keywords":"italic"},{"id":"852721aa5fc738df","page":"editor","tab":"bbcode","label":"Underline","keywords":"underline"},{"id":"97e7c9a7d06eac00","page":"editor","tab":"bbcode","label":"Link","keywords":"link"},{"id":"8ae5811be1a55b9b","page":"editor","tab":"bbcode","label":"Picture","keywords":"picture"},{"id":"34e2d1989a1dbf75","page":"editor","tab":"bbcode","label":"Video","keywords":"video"},{"id":"0fc5eb4762a50880","page":"editor","tab":"bbcode","label":"Bullet List","keywords":"bullet list"},{"id":"1b0f6c5ceb7b98b7","page":"editor","tab":"bbcode","label":"Numeric List","keywords":"numeric list"},{"id":"7533f96ec01fd814","page":"editor","tab":"bbcode","label":"Bullet","keywords":"bullet"},{"id":"c48e929b2b1eabba","page":"editor","tab":"bbcode","label":"Quote","keywords":"quote"},{"id":"ca0dbad92a874b2f","page":"editor","tab":"bbcode","label":"Code","keywords":"code"},{"id":"f7115e4891ab41c0","page":"editor","tab":"bbcode","label":"Spoiler","keywords":"spoiler"},{"id":"f55d9c4cc08f298c","page":"editor","tab":"bbcode","label":"GIPHY","keywords":"giphy"},{"id":"68305e25f5788db0","page":"editor","tab":"bbcode","label":"Emoji","keywords":"emoji"},{"id":"1b4bfc704091acc5","page":"editor","tab":"bbcode","label":"Enable Location Sharing","keywords":"enable location sharing"},{"id":"eb91e92ac80aede8","page":"editor","tab":"bbcode","label":"Google Maps API Key","keywords":"google maps api key"},{"id":"6ce7b7b3577b61af","page":"editor","tab":"editor","label":"Display Login Form","keywords":"display login form"},{"id":"86abeb2d7cac93b2","page":"editor","tab":"editor","label":"Login Provider","keywords":"login provider"},{"id":"e2a103209a895370","page":"editor","tab":"editor","label":"Enable Subscription","keywords":"enable subscription"},{"id":"59484fe4e38fc7c4","page":"editor","tab":"editor","label":"Enable Terms and Condition\t\n\t\t\t\t\n\t\t\t\t\n\t\t\t\t\n\t\t\t\t\t Public\n\t\t\t\t\n\t\t\t\n\t\t\t\t\n\t\t\t\t\n\t\t\t\t\n\t\t\t\t\t Guest\n\t\t\t\t\n\t\t\t\n\t\t\t\t\n\t\t\t\t\n\t\t\t\t\n\t\t\t\t\t Manager\n\t\t\t\t\n\t\t\t\n\t\t\t\t\n\t\t\t\t\n\t\t\t\t\n\t\t\t\t\t Administrator\n\t\t\t\t\n\t\t\t\n\t\t\t\t\n\t\t\t\t\n\t\t\t\t\n\t\t\t\t\t Registered\n\t\t\t\t\n\t\t\t\n\t\t\t\t\n\t\t\t\t\n\t\t\t\t\n\t\t\t\t\t Author\n\t\t\t\t\n\t\t\t\n\t\t\t\t\n\t\t\t\t\n\t\t\t\t\n\t\t\t\t\t Editor\n\t\t\t\t\n\t\t\t\n\t\t\t\t\n\t\t\t\t\n\t\t\t\t\n\t\t\t\t\t Publisher\n\t\t\t\t\n\t\t\t\n\t\t\t\t\n\t\t\t\t\n\t\t\t\t\n\t\t\t\t\t Super Users","keywords":"enable terms and conditionpublicguestmanageradministratorregisteredauthoreditorpublishersuper users"},{"id":"fe8586a2b355a1e8","page":"editor","tab":"editor","label":"Text for Terms and Condition","keywords":"text for terms and condition"},{"id":"95933bcb8cc9bb29","page":"editor","tab":"editor","label":"Display Name Field","keywords":"display name field"},{"id":"c66413d9a38df701","page":"editor","tab":"editor","label":"Require Name Field","keywords":"require name field"},{"id":"0c358adbf7ff0540","page":"editor","tab":"editor","label":"Display Email Field","keywords":"display email field"},{"id":"bbc44d754be4ec3d","page":"editor","tab":"editor","label":"Require Email Field","keywords":"require email field"},{"id":"c0fc26f564782cf2","page":"editor","tab":"editor","label":"Display Website Field","keywords":"display website field"},{"id":"2acfca75ecc3e11f","page":"editor","tab":"editor","label":"Require Website Field","keywords":"require website field"},{"id":"a1c58e9422738941","page":"layout","tab":"general","label":"Appearance","keywords":"appearance"},{"id":"2136caa54495a9a6","page":"layout","tab":"general","label":"Display Sorting Filters","keywords":"display sorting filters"},{"id":"d31b5a27f304cb61","page":"layout","tab":"general","label":"Default sorting","keywords":"default sorting"},{"id":"1844ac3734a353d2","page":"layout","tab":"general","label":"Indent Comment Replies","keywords":"indent comment replies"},{"id":"ce33750d0de3db27","page":"layout","tab":"general","label":"Indentation Size","keywords":"indentation size"},{"id":"0af5786d76e13e69","page":"layout","tab":"general","label":"Maximum Comments To Load","keywords":"maximum comments load"},{"id":"223a10fba99c4851","page":"layout","tab":"general","label":"Auto hide replies","keywords":"auto hide replies"},{"id":"a44a653a41ec1ca9","page":"layout","tab":"general","label":"Replies auto hide threshold","keywords":"replies auto hide threshold"},{"id":"4ff5ec3666777852","page":"layout","tab":"general","label":"Display Comment Participants","keywords":"display comment participants"},{"id":"48edc786dc21bc1a","page":"layout","tab":"general","label":"Defer Attachments from Loading","keywords":"defer attachments from loading"},{"id":"1aaec214bfb82b65","page":"layout","tab":"general","label":"Display Last Edited Details","keywords":"display last edited details"},{"id":"28bfda0f06d5f67e","page":"layout","tab":"general","label":"Auto Hyperlink","keywords":"auto hyperlink"},{"id":"9096992d7def4a2d","page":"layout","tab":"general","label":"Replace Links With Nofollow Attributes","keywords":"replace links with nofollow attributes"},{"id":"5a63c5a8a2acb230","page":"layout","tab":"general","label":"Automatically Truncate Comment","keywords":"automatically truncate comment"},{"id":"2fbebd94f310f443","page":"layout","tab":"general","label":"Truncate Content At Specified Length","keywords":"truncate content specified length"},{"id":"7130f18afa7679b5","page":"layout","tab":"general","label":"Use Lapsed Time","keywords":"use lapsed time"},{"id":"534fd46732986cba","page":"layout","tab":"general","label":"Date format","keywords":"date format"},{"id":"e3a9c5fc981607bb","page":"layout","tab":"general","label":"Full Width for Media","keywords":"full width for media"},{"id":"4b97b82b8816952f","page":"layout","tab":"general","label":"Max Image Width","keywords":"max image width"},{"id":"fb72d2324479bc64","page":"layout","tab":"general","label":"Max Image Height","keywords":"max image height"},{"id":"b693aca59ab9d773","page":"layout","tab":"general","label":"Max Video Width","keywords":"max video width"},{"id":"91c33d71cf117e62","page":"layout","tab":"advanced","label":"When Comment Author Is Admin","keywords":"when comment author admin"},{"id":"f2c2422a75bb8999","page":"layout","tab":"advanced","label":"When Comment Author Is Registered User","keywords":"when comment author registered user"},{"id":"21271aca59b6e3f8","page":"layout","tab":"advanced","label":"When Comment Author Is Also Content Author","keywords":"author when comment also content"},{"id":"8a180aef666c1751","page":"layout","tab":"advanced","label":"When Comment Author Is Guest","keywords":"when comment author guest"},{"id":"ed873e9bb302a3b5","page":"layout","tab":"frontpage","label":"Display Comment Link","keywords":"display comment link"},{"id":"f37905145438cc20","page":"layout","tab":"frontpage","label":"Display Hits Counter","keywords":"display hits counter"},{"id":"6d001275545e39f4","page":"layout","tab":"frontpage","label":"Display Ratings","keywords":"display ratings"},{"id":"cfc51332d4353fa5","page":"layout","tab":"frontpage","label":"Comment Tools Alignment","keywords":"comment tools alignment"},{"id":"e0867f6b1de11910","page":"layout","tab":"frontpage","label":"Display Comment Previews","keywords":"display comment previews"},{"id":"ae4922910215d602","page":"layout","tab":"frontpage","label":"Total Comments To Preview","keywords":"total comments preview"},{"id":"e832d662ea429ec3","page":"layout","tab":"frontpage","label":"Sorting For Preview Items","keywords":"sorting for preview items"},{"id":"df8c30f68802fb4a","page":"layout","tab":"frontpage","label":"Include Pinned Comments Only","keywords":"include pinned comments only"},{"id":"664667c909cafe7c","page":"layout","tab":"frontpage","label":"Include Parent Comments Only","keywords":"include parent comments only"},{"id":"eb466caca61a16c8","page":"layout","tab":"frontpage","label":"Max comment length","keywords":"max comment length"},{"id":"1cb9c6f7e295f1fa","page":"layout","tab":"users","label":"User's Display Name Format","keywords":"users display name format"},{"id":"48d7a0db9920eac0","page":"layout","tab":"users","label":"Enable Profile Pictures","keywords":"enable profile pictures"},{"id":"1bc977fdeaeb441f","page":"layout","tab":"users","label":"Use Text Avatar","keywords":"use text avatar"},{"id":"dc55f9575e9d43d9","page":"layout","tab":"users","label":"Background Colors","keywords":"background colors"},{"id":"2203fc761490c585","page":"layout","tab":"users","label":"Font Color","keywords":"font color"},{"id":"9ec35fd4156d36ee","page":"layout","tab":"users","label":"Profile Picture Integration","keywords":"profile picture integration"},{"id":"65080858ef525c79","page":"layout","tab":"users","label":"Default Image For Blank Gravatar","keywords":"default image for blank gravatar"},{"id":"f85a1b5b2da588d9","page":"layout","tab":"users","label":"Avatar Style","keywords":"avatar style"},{"id":"e2776150bdbd782a","page":"layout","tab":"users","label":"Path to PHPBB","keywords":"path phpbb"},{"id":"c46ce254e8042d4b","page":"layout","tab":"users","label":"PHPBB URL","keywords":"phpbb url"},{"id":"6386011e3f2e6ee7","page":"layout","tab":"users","label":"Display User Ranks Bar","keywords":"display user ranks bar"},{"id":"dc19fc96049ae032","page":"layout","tab":"users","label":"Display Admin Label","keywords":"display admin label"},{"id":"6615b8a6b53bfbee","page":"layout","tab":"users","label":"Display Author Label","keywords":"display author label"},{"id":"19cd083fa020dfab","page":"layout","tab":"users","label":"Enforce Guest Label","keywords":"enforce guest label"},{"id":"5ece6419bfe4bdd7","page":"notifications","tab":"general","label":"Enable Email Notification","keywords":"enable email notification"},{"id":"2e974faaa186d392","page":"notifications","tab":"general","label":"Send E-mails On Page Load","keywords":"send emails page load"},{"id":"b2272bebdab11464","page":"notifications","tab":"general","label":"Total E-mails To Send In Each Cron Request","keywords":"total emails send each cron request"},{"id":"51b6626dbad3bd2a","page":"notifications","tab":"general","label":"Auto Subscribe","keywords":"auto subscribe"},{"id":"3579ce132d17676b","page":"notifications","tab":"general","label":"Subscription Confirmation","keywords":"subscription confirmation"},{"id":"aff65568104aa084","page":"notifications","tab":"general","label":"Notify On New Comment Submission","keywords":"notify new comment submission"},{"id":"d894b6697f76c0f7","page":"notifications","tab":"general","label":"Notify On New Reply Submission","keywords":"notify new reply submission"},{"id":"e6313dea3d7f4cec","page":"notifications","tab":"general","label":"Notify On Pending Comments Submission","keywords":"notify pending comments submission"},{"id":"8c09a72d0843206c","page":"notifications","tab":"general","label":"Notify Author for Pending Comments","keywords":"notify author for pending comments"},{"id":"5142171eb911de59","page":"notifications","tab":"general","label":"Notify On Reported Comments","keywords":"notify reported comments"},{"id":"672debe02bb7aaae","page":"notifications","tab":"general","label":"Use Custom Email Logo","keywords":"use custom email logo"},{"id":"d86ca4eddb554e7d","page":"notifications","tab":"general","label":"Notify Content Author","keywords":"notify content author"},{"id":"de2fb390b3a6007c","page":"notifications","tab":"general","label":"Notify Subscribers","keywords":"notify subscribers"},{"id":"186c30cab59f6b64","page":"notifications","tab":"general","label":"New comment\t\n\t\t\t\t\n\t\t\t\t\n\t\t\t\t\n\t\t\t\t\t Public\n\t\t\t\t\n\t\t\t\n\t\t\t\t\n\t\t\t\t\n\t\t\t\t\n\t\t\t\t\t Guest\n\t\t\t\t\n\t\t\t\n\t\t\t\t\n\t\t\t\t\n\t\t\t\t\n\t\t\t\t\t Manager\n\t\t\t\t\n\t\t\t\n\t\t\t\t\n\t\t\t\t\n\t\t\t\t\n\t\t\t\t\t Administrator\n\t\t\t\t\n\t\t\t\n\t\t\t\t\n\t\t\t\t\n\t\t\t\t\n\t\t\t\t\t Registered\n\t\t\t\t\n\t\t\t\n\t\t\t\t\n\t\t\t\t\n\t\t\t\t\n\t\t\t\t\t Author\n\t\t\t\t\n\t\t\t\n\t\t\t\t\n\t\t\t\t\n\t\t\t\t\n\t\t\t\t\t Editor\n\t\t\t\t\n\t\t\t\n\t\t\t\t\n\t\t\t\t\n\t\t\t\t\n\t\t\t\t\t Publisher\n\t\t\t\t\n\t\t\t\n\t\t\t\t\n\t\t\t\t\n\t\t\t\t\n\t\t\t\t\t Super Users","keywords":"new commentpublicguestmanageradministratorregisteredauthoreditorpublishersuper users"},{"id":"70365a894e6412e6","page":"notifications","tab":"general","label":"New reply\t\n\t\t\t\t\n\t\t\t\t\n\t\t\t\t\n\t\t\t\t\t Public\n\t\t\t\t\n\t\t\t\n\t\t\t\t\n\t\t\t\t\n\t\t\t\t\n\t\t\t\t\t Guest\n\t\t\t\t\n\t\t\t\n\t\t\t\t\n\t\t\t\t\n\t\t\t\t\n\t\t\t\t\t Manager\n\t\t\t\t\n\t\t\t\n\t\t\t\t\n\t\t\t\t\n\t\t\t\t\n\t\t\t\t\t Administrator\n\t\t\t\t\n\t\t\t\n\t\t\t\t\n\t\t\t\t\n\t\t\t\t\n\t\t\t\t\t Registered\n\t\t\t\t\n\t\t\t\n\t\t\t\t\n\t\t\t\t\n\t\t\t\t\n\t\t\t\t\t Author\n\t\t\t\t\n\t\t\t\n\t\t\t\t\n\t\t\t\t\n\t\t\t\t\n\t\t\t\t\t Editor\n\t\t\t\t\n\t\t\t\n\t\t\t\t\n\t\t\t\t\n\t\t\t\t\n\t\t\t\t\t Publisher\n\t\t\t\t\n\t\t\t\n\t\t\t\t\n\t\t\t\t\n\t\t\t\t\n\t\t\t\t\t Super Users","keywords":"new replypublicguestmanageradministratorregisteredauthoreditorpublishersuper users"},{"id":"3548afe3600d9abb","page":"notifications","tab":"general","label":"New pending\t\n\t\t\t\t\n\t\t\t\t\n\t\t\t\t\n\t\t\t\t\t Public\n\t\t\t\t\n\t\t\t\n\t\t\t\t\n\t\t\t\t\n\t\t\t\t\n\t\t\t\t\t Guest\n\t\t\t\t\n\t\t\t\n\t\t\t\t\n\t\t\t\t\n\t\t\t\t\n\t\t\t\t\t Manager\n\t\t\t\t\n\t\t\t\n\t\t\t\t\n\t\t\t\t\n\t\t\t\t\n\t\t\t\t\t Administrator\n\t\t\t\t\n\t\t\t\n\t\t\t\t\n\t\t\t\t\n\t\t\t\t\n\t\t\t\t\t Registered\n\t\t\t\t\n\t\t\t\n\t\t\t\t\n\t\t\t\t\n\t\t\t\t\n\t\t\t\t\t Author\n\t\t\t\t\n\t\t\t\n\t\t\t\t\n\t\t\t\t\n\t\t\t\t\n\t\t\t\t\t Editor\n\t\t\t\t\n\t\t\t\n\t\t\t\t\n\t\t\t\t\n\t\t\t\t\n\t\t\t\t\t Publisher\n\t\t\t\t\n\t\t\t\n\t\t\t\t\n\t\t\t\t\n\t\t\t\t\n\t\t\t\t\t Super Users","keywords":"new pendingpublicguestmanageradministratorregisteredauthoreditorpublishersuper users"},{"id":"2f9223e8bcdde038","page":"notifications","tab":"general","label":"New reported\t\n\t\t\t\t\n\t\t\t\t\n\t\t\t\t\n\t\t\t\t\t Public\n\t\t\t\t\n\t\t\t\n\t\t\t\t\n\t\t\t\t\n\t\t\t\t\n\t\t\t\t\t Guest\n\t\t\t\t\n\t\t\t\n\t\t\t\t\n\t\t\t\t\n\t\t\t\t\n\t\t\t\t\t Manager\n\t\t\t\t\n\t\t\t\n\t\t\t\t\n\t\t\t\t\n\t\t\t\t\n\t\t\t\t\t Administrator\n\t\t\t\t\n\t\t\t\n\t\t\t\t\n\t\t\t\t\n\t\t\t\t\n\t\t\t\t\t Registered\n\t\t\t\t\n\t\t\t\n\t\t\t\t\n\t\t\t\t\n\t\t\t\t\n\t\t\t\t\t Author\n\t\t\t\t\n\t\t\t\n\t\t\t\t\n\t\t\t\t\n\t\t\t\t\n\t\t\t\t\t Editor\n\t\t\t\t\n\t\t\t\n\t\t\t\t\n\t\t\t\t\n\t\t\t\t\n\t\t\t\t\t Publisher\n\t\t\t\t\n\t\t\t\n\t\t\t\t\n\t\t\t\t\n\t\t\t\t\n\t\t\t\t\t Super Users","keywords":"new reportedpublicguestmanageradministratorregisteredauthoreditorpublishersuper users"},{"id":"c11c17ae4ceb13e8","page":"notifications","tab":"push","label":"Integrate With OneSignal Push Notifications","keywords":"integrate with onesignal push notifications"},{"id":"694796eb80997b2a","page":"notifications","tab":"push","label":"Display Welcome Message","keywords":"display welcome message"},{"id":"b8795e583c35aa19","page":"notifications","tab":"push","label":"OneSignal App ID","keywords":"onesignal app"},{"id":"aa963178df1eb135","page":"notifications","tab":"push","label":"OneSignal Rest API Key","keywords":"onesignal rest api key"},{"id":"1a71ca5f722c2c21","page":"notifications","tab":"push","label":"OneSignal Subdomain (Optional)","keywords":"onesignal subdomain optional"},{"id":"1ae55ddb0e153334","page":"notifications","tab":"push","label":"Safari Web Id","keywords":"safari web"},{"id":"67f2fafae0ee8fcb","page":"integrations","tab":"alp","label":"Integrate With Alta User Points","keywords":"integrate with alta user points"},{"id":"1a0b97be79ae60e9","page":"integrations","tab":"discuss","label":"Integrate With EasyDiscuss Points","keywords":"integrate with easydiscuss points"},{"id":"1d9b1bdbc95f048c","page":"integrations","tab":"discuss","label":"Integrate With EasyDiscuss Badges","keywords":"integrate with easydiscuss badges"},{"id":"5b55269bc49ebbd5","page":"integrations","tab":"easysocial","label":"Integrate With EasySocial Points","keywords":"integrate with easysocial points"},{"id":"6d0c6f6b9d616031","page":"integrations","tab":"easysocial","label":"Integrate With EasySocial Badges","keywords":"integrate with easysocial badges"},{"id":"97959dc7a6126eb3","page":"integrations","tab":"easysocial","label":"Use EasySocial Profile Popbox","keywords":"use easysocial profile popbox"},{"id":"6c0fdee852485009","page":"integrations","tab":"easysocial","label":"Generate Activity Stream For New Comments","keywords":"generate activity stream for new comments"},{"id":"c23e86e1e9a2973e","page":"integrations","tab":"easysocial","label":"Generate Activity Stream For New Likes","keywords":"generate activity stream for new likes"},{"id":"b62cf6f1d202dd39","page":"integrations","tab":"easysocial","label":"Synchronize Stream Comments","keywords":"synchronize stream comments"},{"id":"5b35a84b3e000a33","page":"integrations","tab":"easysocial","label":"Synchronize Stream Likes","keywords":"synchronize stream likes"},{"id":"de9527f5314264fd","page":"integrations","tab":"easysocial","label":"Integrate With EasySocial Notifications","keywords":"integrate with easysocial notifications"},{"id":"05567161807713fb","page":"integrations","tab":"easysocial","label":"Notify On New Comment Post","keywords":"notify new comment post"},{"id":"47679decd955c5f7","page":"integrations","tab":"easysocial","label":"Notify On New Reply","keywords":"notify new reply"},{"id":"8b16b0b19f499fef","page":"integrations","tab":"easysocial","label":"Notify On New Likes","keywords":"notify new likes"},{"id":"d86ca4eddb554e7d","page":"integrations","tab":"easysocial","label":"Notify Content Author","keywords":"notify content author"},{"id":"f6428b41981b9182","page":"integrations","tab":"easysocial","label":"Notify Participants","keywords":"notify participants"},{"id":"4884b17d4c7eba3d","page":"integrations","tab":"easysocial","label":"New Comments\t\n\t\t\t\t\n\t\t\t\t\n\t\t\t\t\n\t\t\t\t\t Public\n\t\t\t\t\n\t\t\t\n\t\t\t\t\n\t\t\t\t\n\t\t\t\t\n\t\t\t\t\t Guest\n\t\t\t\t\n\t\t\t\n\t\t\t\t\n\t\t\t\t\n\t\t\t\t\n\t\t\t\t\t Manager\n\t\t\t\t\n\t\t\t\n\t\t\t\t\n\t\t\t\t\n\t\t\t\t\n\t\t\t\t\t Administrator\n\t\t\t\t\n\t\t\t\n\t\t\t\t\n\t\t\t\t\n\t\t\t\t\n\t\t\t\t\t Registered\n\t\t\t\t\n\t\t\t\n\t\t\t\t\n\t\t\t\t\n\t\t\t\t\n\t\t\t\t\t Author\n\t\t\t\t\n\t\t\t\n\t\t\t\t\n\t\t\t\t\n\t\t\t\t\n\t\t\t\t\t Editor\n\t\t\t\t\n\t\t\t\n\t\t\t\t\n\t\t\t\t\n\t\t\t\t\n\t\t\t\t\t Publisher\n\t\t\t\t\n\t\t\t\n\t\t\t\t\n\t\t\t\t\n\t\t\t\t\n\t\t\t\t\t Super Users","keywords":"new commentspublicguestmanageradministratorregisteredauthoreditorpublishersuper users"},{"id":"bc12a678f1207785","page":"integrations","tab":"easysocial","label":"New Replies\t\n\t\t\t\t\n\t\t\t\t\n\t\t\t\t\n\t\t\t\t\t Public\n\t\t\t\t\n\t\t\t\n\t\t\t\t\n\t\t\t\t\n\t\t\t\t\n\t\t\t\t\t Guest\n\t\t\t\t\n\t\t\t\n\t\t\t\t\n\t\t\t\t\n\t\t\t\t\n\t\t\t\t\t Manager\n\t\t\t\t\n\t\t\t\n\t\t\t\t\n\t\t\t\t\n\t\t\t\t\n\t\t\t\t\t Administrator\n\t\t\t\t\n\t\t\t\n\t\t\t\t\n\t\t\t\t\n\t\t\t\t\n\t\t\t\t\t Registered\n\t\t\t\t\n\t\t\t\n\t\t\t\t\n\t\t\t\t\n\t\t\t\t\n\t\t\t\t\t Author\n\t\t\t\t\n\t\t\t\n\t\t\t\t\n\t\t\t\t\n\t\t\t\t\n\t\t\t\t\t Editor\n\t\t\t\t\n\t\t\t\n\t\t\t\t\n\t\t\t\t\n\t\t\t\t\n\t\t\t\t\t Publisher\n\t\t\t\t\n\t\t\t\n\t\t\t\t\n\t\t\t\t\n\t\t\t\t\n\t\t\t\t\t Super Users","keywords":"new repliespublicguestmanageradministratorregisteredauthoreditorpublishersuper users"},{"id":"fb30598058f14c81","page":"integrations","tab":"easysocial","label":"New Likes\t\n\t\t\t\t\n\t\t\t\t\n\t\t\t\t\n\t\t\t\t\t Public\n\t\t\t\t\n\t\t\t\n\t\t\t\t\n\t\t\t\t\n\t\t\t\t\n\t\t\t\t\t Guest\n\t\t\t\t\n\t\t\t\n\t\t\t\t\n\t\t\t\t\n\t\t\t\t\n\t\t\t\t\t Manager\n\t\t\t\t\n\t\t\t\n\t\t\t\t\n\t\t\t\t\n\t\t\t\t\n\t\t\t\t\t Administrator\n\t\t\t\t\n\t\t\t\n\t\t\t\t\n\t\t\t\t\n\t\t\t\t\n\t\t\t\t\t Registered\n\t\t\t\t\n\t\t\t\n\t\t\t\t\n\t\t\t\t\n\t\t\t\t\n\t\t\t\t\t Author\n\t\t\t\t\n\t\t\t\n\t\t\t\t\n\t\t\t\t\n\t\t\t\t\n\t\t\t\t\t Editor\n\t\t\t\t\n\t\t\t\n\t\t\t\t\n\t\t\t\t\n\t\t\t\t\n\t\t\t\t\t Publisher\n\t\t\t\t\n\t\t\t\n\t\t\t\t\n\t\t\t\t\n\t\t\t\t\n\t\t\t\t\t Super Users","keywords":"new likespublicguestmanageradministratorregisteredauthoreditorpublishersuper users"},{"id":"6c0fdee852485009","page":"integrations","tab":"jomsocial","label":"Generate Activity Stream For New Comments","keywords":"generate activity stream for new comments"},{"id":"971e6a6a40399aac","page":"integrations","tab":"jomsocial","label":"Generate Activity Stream For Replies","keywords":"generate activity stream for replies"},{"id":"fa99307500467d8c","page":"integrations","tab":"jomsocial","label":"Generate Activity Stream For Likes","keywords":"generate activity stream for likes"},{"id":"9ae167be0b746d32","page":"integrations","tab":"jomsocial","label":"Length of comment post to JomSocial","keywords":"length comment post jomsocial"},{"id":"dac77d85f9b7fccf","page":"integrations","tab":"jomsocial","label":"Integrate With JomSocial User Points","keywords":"integrate with jomsocial user points"},{"id":"5e5690a209476087","page":"integrations","tab":"com_content_settings","label":"Komento assignment","keywords":"komento assignment"},{"id":"446115cedcd3ba35","page":"integrations","tab":"com_content_settings","label":"Selected category","keywords":"selected category"},{"id":"b9aa655e5b5c0ebe","page":"integrations","tab":"com_content_settings","label":"Display Read More","keywords":"display read more"},{"id":"e0ddf581eb654cc2","page":"integrations","tab":"com_content_settings","label":"Load Komento with Pagebreak","keywords":"load komento with pagebreak"},{"id":"164151145dfa99cb","page":"integrations","tab":"com_content_settings","label":"Read More Button","keywords":"read more button"},{"id":"5e5690a209476087","page":"integrations","tab":"com_jevents_settings","label":"Komento assignment","keywords":"komento assignment"},{"id":"446115cedcd3ba35","page":"integrations","tab":"com_jevents_settings","label":"Selected category","keywords":"selected category"}]}