{"profile_enable":"1","profile_tab_comments":"1","profile_tab_activities":"1","profile_tab_popular":"1","profile_tab_sticked":"1","profile_activities_comments":"1","profile_activities_replies":"1","profile_activities_likes":"1","name_type":"default","layout_appearance":"light","layout_avatar_character":"0","layout_avatar_character_background_color":"#F44336, #E91E63, #9C27B0, #03A9F4, #673AB7, #3F51B5, #2196F3, #00BCD4, #009688, #4CAF50, #8BC34A, #CDDC39, #FFEB3B, #FFC107, #FF9800, #FF5722, #795548, #9E9E9E, #607D8B, #000000","layout_avatar_character_font_color":"#FFFFFF","layout_avatar_integration":"gravatar","layout_avatar_style":"square","layout_phpbb_path":"","layout_phpbb_url":"","enable_schema":"1","database_clearcaptchaonpageload":"0","enable_inline_reply":"1","enable_ajax_permalink":"1","enable_ajax_load_list":"0","enable_shorten_link":"1","parent_preload":"0","enable_admin_mode":"0","enable_language_fallback":"0","komento_environment":"production","komento_mode":"compressed","komento_jquery":"0","enable_komento":"1","komento_ajax_index":"1","allowed_categories_mode":"0","allowed_categories":"0","orphanitem_ownership":"0","enable_login_form":"1","login_provider":"joomla","enable_moderation":"1","enable_auto_moderation":"0","giphy_enabled":"1","giphy_apikey":"","giphy_limit":"30","requires_moderation":"","requires_auto_moderation":"","moderation_threshold":"0","subscription_auto":"0","subscription_confirmation":"0","enable_ratings":"0","enable_rss":"0","enable_minimize":"0","rss_max_items":"10","pagebreak_load":"last","antispam_akismet":"0","antispam_akismet_key":"","antispam_akismet_rejection_type":"low","antispam_akismet_trackback":"","antispam_honeypot_enabled":true,"antispam_honeypot_rejection_type":"low","antispam_honeypot_daily":true,"antispam_honeypot_key":"commennt","antispam_honeypot_last_switch":"","antispam_hcaptcha_site":"","antispam_hcaptcha_secret":"","antispam_hcaptcha_theme":"light","antispam_hcaptcha_size":"normal","antispam_hcaptcha_lang":"en","cleantalk_enabled":"0","cleantalk_key":"","antispam_flood_control":"0","antispam_flood_interval":"10","antispam_min_length_enable":"0","antispam_min_length":"10","antispam_max_length_enable":"0","antispam_max_length":"300","filter_word":"0","filter_word_text":"","antispam_captcha_enable":"0","antispam_captcha_type":"0","show_captcha":"","antispam_recaptcha_invisible":true,"antispam_recaptcha_public_key":"","antispam_recaptcha_private_key":"","antispam_recaptcha_theme":"","antispam_recaptcha_lang":"","layout_theme":"wireframe","max_threaded_level":"5","enable_threaded":"1","thread_indentation":"40","show_sort_buttons":"0","default_sort":"oldest","max_comments_per_page":"10","layout_css_admin":"kmt-comment-item-admin","layout_css_author":"kmt-comment-item-author","layout_css_registered":"kmt-comment-item-registered","layout_css_public":"kmt-comment-item-public","enable_lapsed_time":"1","layout_avatar_enable":"1","enable_likes":"1","show_likes_to_guest":"1","enable_reply":"1","enable_mention":"1","enable_report":"1","enable_location":"0","location_service_provider":"maps","location_key":"","enable_info":"1","enable_rank_bar":"0","admin_label":"0","author_label":"0","guest_label":"0","auto_hyperlink":"1","links_nofollow":"1","datetime_permalink":"0","date_format":"l, M j Y g:i:sa","max_image_width":"300","max_image_height":"300","layout_frontpage_comment":"1","layout_frontpage_readmore":"1","layout_frontpage_readmore_button":"joomla","layout_frontpage_ratings":"0","layout_frontpage_hits":"1","layout_frontpage_alignment":"right","layout_frontpage_preview":"0","preview_count":"3","preview_sort":"latest","preview_sticked_only":"0","preview_parent_only":"1","preview_comment_length":"300","form_editor":"bbcode","form_position":"1","enable_bbcode":"1","enable_smileys":"1","bbcode_show_buttons":"1","bbcode_video_width":"350","bbcode_video_height":"350","enable_subscription":"0","show_tnc":"","tnc_text":"Before submitting the comment, you agree that:\n\na. To accept full responsibility for the comment that you submit.\nb. To use this function only for lawful purposes.\nc. Not to post defamatory, abusive, offensive, racist, sexist, threatening, vulgar, obscene, hateful or otherwise inappropriate comments, or to post comments which will constitute a criminal offense or give rise to civil liability.\nd. Not to post or make available any material which is protected by copyright, trade mark or other proprietary right without the express permission of the owner of the copyright, trade mark or any other proprietary right.\ne. To evaluate for yourself the accuracy of any opinion, advice or other content.","show_name":"1","show_email":"1","show_website":"1","require_name":"1","require_email":"0","require_website":"0","bbcode_bold":"1","bbcode_italic":"1","bbcode_underline":"1","bbcode_link":"1","bbcode_picture":"1","bbcode_video":"1","bbcode_giphy":"1","bbcode_bulletlist":"0","bbcode_numericlist":"0","bbcode_bullet":"0","bbcode_quote":"1","bbcode_code":"0","bbcode_emoji":"1","bbcode_spoiler":true,"smileycode":[],"smileypath":[],"use_komento_profile":"1","easysocial_profile_popbox":"0","gravatar_default_avatar":"mm","enable_conversation_bar":"0","conversation_bar_include_guest":"0","conversation_bar_max_authors":"25","reply_autohide":"1","reply_autohide_threshold":"3","syntaxhighlighter_theme":"default","notification_sendmailonpageload":"0","notification_total_email":5,"notification_enable":"1","notification_event_new_comment":"1","notification_event_new_reply":"1","notification_event_new_pending":"1","notification_event_new_pending_author":"0","notification_event_reported_comment":"1","notification_to_admins":"1","notification_to_author":"1","notification_to_subscribers":"1","notification_to_usergroup_comment":"0","notification_to_usergroup_reply":"0","notification_to_usergroup_pending":"0","notification_to_usergroup_reported":"0","notification_es_enable":"0","notification_es_event_new_comment":"0","notification_es_event_new_reply":"0","notification_es_event_new_like":"0","notification_es_to_author":"0","notification_es_to_usergroup_comment":"0","notification_es_to_usergroup_reply":"0","notification_es_to_usergroup_like":"0","notification_es_to_participant":"0","onesignal_enabled":"0","onesignal_app_id":"","onesignal_subdomain":"","onesignal_api_key":"","onesignal_safari_id":"","onesignal_show_welcome":"1","activities_comment":"1","activities_reply":"1","activities_like":"1","jomsocial_enable_comment":"0","jomsocial_enable_reply":"0","jomsocial_enable_like":"0","jomsocial_comment_length":"250","jomsocial_enable_userpoints":"0","enable_alp":"0","enable_discuss_points":"0","enable_discuss_log":"0","enable_easysocial_points":"0","enable_easysocial_badges":"0","enable_easysocial_stream_comment":"0","enable_easysocial_stream_like":"0","enable_easysocial_sync_comment":"0","enable_easysocial_sync_like":"0","upload_enable":"1","upload_path":"","attachment_layout":"icon","upload_allowed_extension":"bmp,csv,doc,gif,ico,jpg,jpeg,odg,odp,ods,odt,pdf,png,ppt,rar,txt,xcf,xls,zip","upload_max_size":"2","upload_max_file":"3","trigger_method":"component","enable_live_notification":"0","live_notification_interval":"180","komento_cdn_url":"","secure_cron":"0","comment_enable_truncation":"1","comment_truncation_length":"250","enable_gdpr_download":"0","userdownload_expiry":"14","enable_media_max_width":"0","enable_fontawesome":"1","layout_comment_placement":"inline","layout_frontpage_instant_comment":"0","layout_frontpage_instant_comment_placement":"right","blocked_words":"","email_digest_enabled":1,"email_digest_interval":"instant","load_initial_comment":false}