{
	"mapping": {
		"j15": {
			"public"		: 29,
			"registered"	: 18,
			"author"		: 19,
			"editor"		: 20,
			"publisher"		: 21,
			"manager"		: 23,
			"administrator"	: 24,
			"superadmin"	: 25
		},

		"j30": {
			"public"		: 1,
			"registered"	: 2,
			"author"		: 3,
			"editor"		: 4,
			"publisher"		: 5,
			"manager"		: 6,
			"administrator"	: 7,
			"superadmin"	: 8,
			"guest"			: 9
		}
	},

	"rules": {
		"public": {
			"read_comment"					: true,
			"read_others_comment"				: true,
			"read_stickies"					: true,
			"read_lovies"					: true,
			"add_comment"					: true,
			"like_comment"					: false,
			"report_comment"				: false,
			"reply_comment"					: false,
			"upload_attachment"				: false,
			"download_attachment"			: true,

			"edit_own_comment"				: false,
			"delete_own_comment"			: false,
			"delete_own_attachment"			: false,
			"author_edit_comment"			: false,
			"author_delete_comment"			: false,
			"author_publish_comment"		: false,
			"author_unpublish_comment"		: false,
			"author_stick_comment"			: false,
			"author_delete_attachment"		: false,
			"edit_all_comment"				: false,
			"delete_all_comment"			: false,
			"publish_all_comment"			: false,
			"unpublish_all_comment"			: false,
			"stick_all_comment"				: false,
			"delete_all_attachment"			: false,
			"minimize_comment": false
		},

		"guest": {
			"read_comment"					: true,
			"read_others_comment"				: true,
			"read_stickies"					: true,
			"read_lovies"					: true,
			"add_comment"					: true,
			"like_comment"					: false,
			"report_comment"				: false,
			"reply_comment"					: false,
			"upload_attachment"				: false,
			"download_attachment"			: true,

			"edit_own_comment"				: false,
			"delete_own_comment"			: false,
			"delete_own_attachment"			: false,
			"author_edit_comment"			: false,
			"author_delete_comment"			: false,
			"author_publish_comment"		: false,
			"author_unpublish_comment"		: false,
			"author_stick_comment"			: false,
			"author_delete_attachment"		: false,
			"edit_all_comment"				: false,
			"delete_all_comment"			: false,
			"publish_all_comment"			: false,
			"unpublish_all_comment"			: false,
			"stick_all_comment"				: false,
			"delete_all_attachment"			: false,
			"minimize_comment": false
		},

		"registered": {
			"read_comment"					: true,
			"read_others_comment"				: true,
			"read_stickies"					: true,
			"read_lovies"					: true,
			"add_comment"					: true,
			"like_comment"					: false,
			"report_comment"				: false,
			"reply_comment"					: false,
			"upload_attachment"				: false,
			"download_attachment"			: true,

			"edit_own_comment"				: false,
			"delete_own_comment"			: false,
			"delete_own_attachment"			: false,
			"author_edit_comment"			: false,
			"author_delete_comment"			: false,
			"author_publish_comment"		: false,
			"author_unpublish_comment"		: false,
			"author_stick_comment"			: false,
			"author_delete_attachment"		: false,
			"edit_all_comment"				: false,
			"delete_all_comment"			: false,
			"publish_all_comment"			: false,
			"unpublish_all_comment"			: false,
			"stick_all_comment"				: false,
			"delete_all_attachment"			: false,
			"minimize_comment": false
		},

		"manager": {
			"read_comment"					: true,
			"read_others_comment"				: true,
			"read_stickies"					: true,
			"read_lovies"					: true,
			"add_comment"					: true,
			"like_comment"					: true,
			"report_comment"				: true,
			"reply_comment"					: true,
			"upload_attachment"				: true,
			"download_attachment"			: true,

			"edit_own_comment"				: true,
			"delete_own_comment"			: true,
			"delete_own_attachment"			: true,
			"author_edit_comment"			: false,
			"author_delete_comment"			: false,
			"author_publish_comment"		: false,
			"author_unpublish_comment"		: false,
			"author_stick_comment"			: false,
			"author_delete_attachment"		: false,
			"edit_all_comment"				: false,
			"delete_all_comment"			: false,
			"publish_all_comment"			: false,
			"unpublish_all_comment"			: false,
			"stick_all_comment"				: false,
			"delete_all_attachment"			: false,
			"minimize_comment": false
		},


		"administrator": {
			"read_comment"					: true,
			"read_others_comment"				: true,
			"read_stickies"					: true,
			"read_lovies"					: true,
			"add_comment"					: true,
			"like_comment"					: true,
			"report_comment"				: true,
			"reply_comment"					: true,
			"upload_attachment"				: true,
			"download_attachment"			: true,

			"edit_own_comment"				: true,
			"delete_own_comment"			: true,
			"delete_own_attachment"			: true,
			"author_edit_comment"			: false,
			"author_delete_comment"			: false,
			"author_publish_comment"		: false,
			"author_unpublish_comment"		: false,
			"author_stick_comment"			: false,
			"author_delete_attachment"		: false,
			"edit_all_comment"				: true,
			"delete_all_comment"			: true,
			"publish_all_comment"			: true,
			"unpublish_all_comment"			: true,
			"stick_all_comment"				: true,
			"delete_all_attachment"			: true,
			"minimize_comment": false
		},

		"registered": {
			"read_comment"					: true,
			"read_others_comment"				: true,
			"read_stickies"					: true,
			"read_lovies"					: true,
			"add_comment"					: true,
			"like_comment"					: true,
			"report_comment"				: true,
			"reply_comment"					: true,
			"upload_attachment"				: true,
			"download_attachment"			: true,

			"edit_own_comment"				: false,
			"delete_own_comment"			: false,
			"delete_own_attachment"			: false,
			"author_edit_comment"			: false,
			"author_delete_comment"			: false,
			"author_publish_comment"		: false,
			"author_unpublish_comment"		: false,
			"author_stick_comment"			: false,
			"author_delete_attachment"		: false,
			"edit_all_comment"				: false,
			"delete_all_comment"			: false,
			"publish_all_comment"			: false,
			"unpublish_all_comment"			: false,
			"stick_all_comment"				: false,
			"delete_all_attachment"			: false,
			"minimize_comment": false
		},

		"author": {
			"read_comment"					: true,
			"read_others_comment"				: true,
			"read_stickies"					: true,
			"read_lovies"					: true,
			"add_comment"					: true,
			"like_comment"					: true,
			"report_comment"				: true,
			"reply_comment"					: true,
			"upload_attachment"				: true,
			"download_attachment"			: true,

			"edit_own_comment"				: true,
			"delete_own_comment"			: false,
			"delete_own_attachment"			: false,
			"author_edit_comment"			: true,
			"author_delete_comment"			: true,
			"author_publish_comment"		: true,
			"author_unpublish_comment"		: true,
			"author_stick_comment"			: true,
			"author_delete_attachment"		: true,
			"edit_all_comment"				: false,
			"delete_all_comment"			: false,
			"publish_all_comment"			: false,
			"unpublish_all_comment"			: false,
			"stick_all_comment"				: false,
			"delete_all_attachment"			: false,
			"minimize_comment": false
		},

		"editor": {
			"read_comment"					: true,
			"read_others_comment"				: true,
			"read_stickies"					: true,
			"read_lovies"					: true,
			"add_comment"					: true,
			"like_comment"					: true,
			"report_comment"				: true,
			"reply_comment"					: true,
			"upload_attachment"				: true,
			"download_attachment"			: true,

			"edit_own_comment"				: true,
			"delete_own_comment"			: false,
			"delete_own_attachment"			: false,
			"author_edit_comment"			: true,
			"author_delete_comment"			: true,
			"author_publish_comment"		: true,
			"author_unpublish_comment"		: true,
			"author_stick_comment"			: true,
			"author_delete_attachment"		: true,
			"edit_all_comment"				: false,
			"delete_all_comment"			: false,
			"publish_all_comment"			: false,
			"unpublish_all_comment"			: false,
			"stick_all_comment"				: false,
			"delete_all_attachment"			: false,
			"minimize_comment": false
		},

		"publisher": {
			"read_comment"					: true,
			"read_others_comment"				: true,
			"read_stickies"					: true,
			"read_lovies"					: true,
			"add_comment"					: true,
			"like_comment"					: true,
			"report_comment"				: true,
			"reply_comment"					: true,
			"upload_attachment"				: true,
			"download_attachment"			: true,

			"edit_own_comment"				: true,
			"delete_own_comment"			: false,
			"delete_own_attachment"			: false,
			"author_edit_comment"			: true,
			"author_delete_comment"			: true,
			"author_publish_comment"		: true,
			"author_unpublish_comment"		: true,
			"author_stick_comment"			: true,
			"author_delete_attachment"		: true,
			"edit_all_comment"				: false,
			"delete_all_comment"			: false,
			"publish_all_comment"			: true,
			"unpublish_all_comment"			: true,
			"stick_all_comment"				: true,
			"delete_all_attachment"			: false,
			"minimize_comment": false
		},

		"superadmin": {
			"read_comment"					: true,
			"read_others_comment"				: true,
			"read_stickies"					: true,
			"read_lovies"					: true,
			"add_comment"					: true,
			"like_comment"					: true,
			"report_comment"				: true,
			"reply_comment"					: true,
			"upload_attachment"				: true,
			"download_attachment"			: true,

			"edit_own_comment"				: true,
			"delete_own_comment"			: true,
			"delete_own_attachment"			: true,
			"author_edit_comment"			: true,
			"author_delete_comment"			: true,
			"author_publish_comment"		: true,
			"author_unpublish_comment"		: true,
			"author_stick_comment"			: true,
			"author_delete_attachment"		: true,
			"edit_all_comment"				: true,
			"delete_all_comment"			: true,
			"publish_all_comment"			: true,
			"unpublish_all_comment"			: true,
			"stick_all_comment"				: true,
			"delete_all_attachment"			: true,
			"minimize_comment": true
		}
	}
}
